City_ID,City,Lat,Lng,Max Temp,Humidity,Cloudiness,Wind Speed,Country,Date
0,Vila Velha,-20.3297,-40.2925,82.35,64,0,14.97,BR,2022-07-17 14:09:07
1,Rikitea,-23.1203,-134.9692,73.67,77,100,16.84,PF,2022-07-17 14:18:41
2,Kapaa,22.0752,-159.319,80.58,82,75,17.27,US,2022-07-17 14:18:41
3,Arraial Do Cabo,-22.9661,-42.0278,82.36,54,0,9.22,BR,2022-07-17 14:18:41
4,Barrow,71.2906,-156.7887,35.62,87,100,16.11,US,2022-07-17 14:09:36
5,Santiago,-33.4569,-70.6483,52.0,62,100,3.44,CL,2022-07-17 14:15:19
6,Georgetown,5.4112,100.3354,85.95,77,20,1.14,MY,2022-07-17 14:09:34
7,Sao Joao Da Barra,-21.6403,-41.0511,84.29,56,100,10.92,BR,2022-07-17 14:12:10
8,Hobart,-42.8794,147.3294,37.26,89,75,27.63,AU,2022-07-17 14:12:05
9,Qaanaaq,77.484,-69.3632,46.04,55,47,7.27,GL,2022-07-17 14:18:42
10,Flinders,-34.5833,150.8552,59.38,58,23,11.01,AU,2022-07-17 14:13:43
11,Tasiilaq,65.6145,-37.6368,51.96,77,92,4.97,GL,2022-07-17 14:18:42
12,Tsaratanana,-16.7833,47.65,70.52,66,43,12.68,MG,2022-07-17 14:18:43
13,Ushuaia,-54.8,-68.3,30.83,93,100,9.62,AR,2022-07-17 14:17:29
14,Thompson,55.7435,-97.8558,66.36,88,75,5.75,CA,2022-07-17 14:09:34
15,Cape Town,-33.9258,18.4232,64.35,77,1,11.01,ZA,2022-07-17 14:07:16
16,Hilo,19.7297,-155.09,80.28,97,100,8.05,US,2022-07-17 14:10:56
17,Khatanga,71.9667,102.5,61.54,58,100,7.0,RU,2022-07-17 14:09:37
18,Bredasdorp,-34.5322,20.0403,70.88,51,0,5.1,ZA,2022-07-17 14:10:49
19,Zaraza,9.3503,-65.3245,85.1,63,30,6.8,VE,2022-07-17 14:18:43
20,Sao Jose Da Coroa Grande,-8.8978,-35.1478,79.34,70,4,14.76,BR,2022-07-17 14:18:44
21,Albany,42.6001,-73.9662,81.63,67,39,1.01,US,2022-07-17 14:13:52
22,Kaitangata,-46.2817,169.8464,42.46,88,97,5.35,NZ,2022-07-17 14:14:32
23,Busselton,-33.65,115.3333,53.13,92,100,14.34,AU,2022-07-17 14:18:44
24,Leh,34.1667,77.5833,68.95,35,90,5.28,IN,2022-07-17 14:18:45
25,Waipawa,-41.4122,175.5153,49.82,72,88,19.51,NZ,2022-07-17 14:18:45
26,Matagami,49.7502,-77.6328,73.51,60,0,3.44,CA,2022-07-17 14:17:33
27,Cidreira,-30.1811,-50.2056,55.62,67,2,17.92,BR,2022-07-17 14:13:11
28,Nome,64.5011,-165.4064,39.27,81,0,0.0,US,2022-07-17 14:18:45
29,Hermanus,-34.4187,19.2345,73.8,63,0,12.19,ZA,2022-07-17 14:13:11
30,Pribyslav,49.5768,15.7386,75.61,19,94,7.92,CZ,2022-07-17 14:18:46
31,Puerto Ayora,-0.7393,-90.3518,69.76,92,58,5.99,EC,2022-07-17 14:09:34
32,Ruidoso,33.3317,-105.673,75.76,37,0,0.0,US,2022-07-17 14:18:46
33,Cha Grande,-8.2383,-35.4617,74.88,75,35,16.4,BR,2022-07-17 14:18:46
34,Mahon,39.8885,4.2658,91.96,33,0,6.91,ES,2022-07-17 14:18:46
35,Mar Del Plata,-38.0023,-57.5575,48.94,55,0,16.11,AR,2022-07-17 14:08:25
36,Carnarvon,-24.8667,113.6333,68.45,78,6,11.05,AU,2022-07-17 14:12:01
37,Binga,-17.6203,27.3414,74.32,31,5,5.01,ZW,2022-07-17 14:18:47
38,Sotouboua,8.5667,0.9833,76.64,86,95,5.66,TG,2022-07-17 14:18:47
39,Mataura,-46.1927,168.8643,51.48,71,70,8.5,NZ,2022-07-17 14:09:44
40,Sitka,57.0531,-135.33,53.49,94,100,9.22,US,2022-07-17 14:13:20
41,Deputatskiy,69.3,139.9,41.77,76,88,2.62,RU,2022-07-17 14:18:47
42,Atuona,-9.8,-139.0333,77.58,77,13,20.2,PF,2022-07-17 14:15:17
43,Hellvik,59.9156,5.781,59.77,89,100,3.0,NO,2022-07-17 14:18:48
44,Skegness,53.1436,0.3363,86.07,52,100,9.84,GB,2022-07-17 14:18:48
45,Narsaq,60.9167,-46.05,53.82,65,8,6.96,GL,2022-07-17 14:18:48
46,Gizo,-8.103,156.8419,81.34,77,50,6.82,SB,2022-07-17 14:18:49
47,Naifaru,5.4444,73.3657,82.04,81,100,14.09,MV,2022-07-17 14:18:49
48,Iranshahr,27.2025,60.6848,111.54,9,75,6.91,IR,2022-07-17 14:19:49
49,Fort Nelson,58.8053,-122.7002,56.79,88,75,2.3,CA,2022-07-17 14:19:50
50,Jacareacanga,-6.2222,-57.7528,90.9,46,41,3.04,BR,2022-07-17 14:19:50
51,Upernavik,72.7868,-56.1549,41.77,85,100,12.5,GL,2022-07-17 14:12:09
52,Ballina,-28.8667,153.5667,59.0,74,37,10.8,AU,2022-07-17 14:19:51
53,Punta Arenas,-53.15,-70.9167,28.51,86,0,14.97,CL,2022-07-17 14:19:52
54,Yellowknife,62.456,-114.3525,57.56,100,100,13.0,CA,2022-07-17 14:13:22
55,Stromness,58.965,-3.296,60.76,89,99,4.0,GB,2022-07-17 14:19:52
56,Ponta Do Sol,32.6667,-17.1,79.0,80,29,8.28,PT,2022-07-17 14:12:06
57,Sinnamary,5.3833,-52.95,80.89,79,77,3.44,GF,2022-07-17 14:12:07
58,Pochutla,15.7432,-96.4661,78.82,69,100,2.46,MX,2022-07-17 14:19:52
59,Geraldton,-28.7667,114.6,57.61,94,15,9.22,AU,2022-07-17 14:14:34
60,Westport,41.1415,-73.3579,82.27,76,0,5.75,US,2022-07-17 14:16:50
61,Maun,-19.9833,23.4167,73.36,31,0,10.36,BW,2022-07-17 14:19:53
62,Mendoza,-32.8908,-68.8272,38.73,70,0,4.61,AR,2022-07-17 14:19:53
63,Bluff,-46.6,168.3333,51.8,62,78,21.61,NZ,2022-07-17 14:17:35
64,Karasuk,53.7377,78.0403,66.45,57,0,15.68,RU,2022-07-17 14:19:53
65,Butaritari,3.0707,172.7902,82.26,71,100,9.44,KI,2022-07-17 14:19:54
66,Inta,66.0317,60.1659,74.5,57,73,11.12,RU,2022-07-17 14:19:12
67,Bandarbeyla,9.4942,50.8122,88.0,49,34,33.15,SO,2022-07-17 14:19:54
68,New Norfolk,-42.7826,147.0587,36.91,78,86,4.0,AU,2022-07-17 14:19:55
69,Santa Cruz De La Palma,28.6835,-17.7642,77.14,61,20,16.11,ES,2022-07-17 14:19:55
70,Aklavik,68.2191,-135.0107,51.8,100,100,3.44,CA,2022-07-17 14:19:55
71,Port Alfred,-33.5906,26.891,85.17,24,4,1.99,ZA,2022-07-17 14:19:56
72,Zyryanka,65.75,150.85,50.05,62,98,6.73,RU,2022-07-17 14:19:56
73,Saskatoon,52.1168,-106.6345,74.16,73,40,8.05,CA,2022-07-17 14:15:46
74,Haines Junction,60.7522,-137.5108,48.15,93,100,2.3,CA,2022-07-17 14:15:43
75,Broome,42.2506,-75.833,79.47,68,0,5.75,US,2022-07-17 14:19:57
76,Srednekolymsk,67.45,153.6833,41.45,57,0,6.93,RU,2022-07-17 14:15:37
77,Iqaluit,63.7506,-68.5145,50.7,87,100,4.0,CA,2022-07-17 14:13:41
78,Jamestown,42.097,-79.2353,78.39,79,20,9.22,US,2022-07-17 14:19:57
79,Mahebourg,-20.4081,57.7,69.26,88,75,17.27,MU,2022-07-17 14:19:57
80,Mason City,43.1536,-93.201,74.08,82,0,0.0,US,2022-07-17 14:19:58
81,Saint-Augustin,51.226,-58.6502,62.37,78,99,9.44,CA,2022-07-17 14:19:58
82,Harqalah,36.0303,10.509,91.26,31,0,14.97,TN,2022-07-17 14:19:59
83,San Vicente,-26.6167,-54.1333,46.9,74,100,3.56,AR,2022-07-17 14:19:59
84,Hovd,48.0056,91.6419,72.99,32,75,6.87,MN,2022-07-17 14:20:00
85,Rawson,-43.3002,-65.1023,45.54,49,100,18.92,AR,2022-07-17 14:16:51
86,Sivaki,52.6333,126.75,64.45,95,99,3.69,RU,2022-07-17 14:20:00
87,Avarua,-21.2078,-159.775,71.65,78,75,8.05,CK,2022-07-17 14:05:58
88,Goundam,16.4145,-3.6708,94.46,38,80,14.61,ML,2022-07-17 14:20:00
89,Isangel,-19.55,169.2667,73.18,85,51,15.1,VU,2022-07-17 14:15:08
90,Longyearbyen,78.2186,15.6401,49.84,71,75,4.61,SJ,2022-07-17 14:14:34
91,Vanavara,60.34,102.2797,57.88,77,94,3.27,RU,2022-07-17 14:20:01
92,Itoman,26.1247,127.6694,82.78,94,75,12.66,JP,2022-07-17 14:20:01
93,Saint-Joseph,-21.3667,55.6167,68.38,77,73,17.65,RE,2022-07-17 14:20:01
94,Tazovskiy,67.4667,78.7,63.27,54,97,7.36,RU,2022-07-17 14:14:28
95,Pangkalanbuun,-2.6833,111.6167,71.65,97,100,3.56,ID,2022-07-17 14:21:02
96,Nikolskoye,59.7035,30.7861,65.88,56,95,9.15,RU,2022-07-17 14:21:02
97,Bastia,42.6667,9.3333,88.03,67,0,6.91,FR,2022-07-17 14:21:02
98,Luderitz,-26.6481,15.1594,69.51,44,13,5.39,NA,2022-07-17 14:15:42
99,Amboasary,-25.0333,46.3833,72.21,57,0,12.88,MG,2022-07-17 14:21:03
100,Hithadhoo,-0.6,73.0833,78.67,86,100,28.95,MV,2022-07-17 14:18:03
101,Smithers,54.7804,-127.1743,50.58,85,6,2.1,CA,2022-07-17 14:14:23
102,Saldanha,-33.0117,17.9442,62.4,75,0,9.91,ZA,2022-07-17 14:12:03
103,Ancud,-41.8697,-73.8203,44.22,79,13,13.31,CL,2022-07-17 14:12:06
104,Bethel,41.3712,-73.414,81.45,73,75,5.75,US,2022-07-17 14:21:03
105,Tambacounda,13.7539,-13.7586,95.05,49,40,13.8,SN,2022-07-17 14:21:03
106,Khani,41.9563,42.9566,69.37,82,73,4.81,GE,2022-07-17 14:21:04
107,Lebu,-37.6167,-73.65,49.87,94,100,10.36,CL,2022-07-17 14:12:10
108,Kahului,20.8947,-156.47,77.85,80,0,20.71,US,2022-07-17 14:21:04
109,Merauke,-8.4667,140.3333,75.54,87,100,11.92,ID,2022-07-17 14:21:04
110,Provideniya,64.3833,-173.3,49.57,98,100,9.1,RU,2022-07-17 14:14:34
111,Codrington,-38.2667,141.9667,48.58,67,100,20.33,AU,2022-07-17 14:11:58
112,Labuhan,-6.8844,112.2051,78.69,83,100,7.09,ID,2022-07-17 14:21:04
113,Shanhetun,44.7,127.2,65.52,92,100,3.78,CN,2022-07-17 14:21:05
114,Rovaniemi,66.5,25.7167,65.61,63,75,3.44,FI,2022-07-17 14:21:05
115,Nanortalik,60.1432,-45.2371,44.08,79,67,11.68,GL,2022-07-17 14:12:01
116,Ribeira Brava,32.65,-17.0667,79.0,80,33,6.96,PT,2022-07-17 14:21:05
117,Kushiro,42.975,144.3747,63.59,99,100,8.52,JP,2022-07-17 14:21:06
118,Dubrovka,53.6907,33.5071,65.39,65,99,3.69,RU,2022-07-17 14:21:06
119,Raga,8.4596,25.678,85.77,53,92,3.71,SS,2022-07-17 14:21:07
120,Chokurdakh,70.6333,147.9167,37.9,59,15,2.98,RU,2022-07-17 14:12:05
121,Goderich,43.7501,-81.7165,77.32,57,100,5.75,CA,2022-07-17 14:17:25
122,Hamilton,39.1834,-84.5333,74.03,95,100,6.91,US,2022-07-17 14:14:01
123,Korla,41.7597,86.1469,83.88,21,2,15.88,CN,2022-07-17 14:21:07
124,Chuy,-33.6971,-53.4616,46.69,75,0,13.71,UY,2022-07-17 14:13:14
125,Klaksvik,62.2266,-6.589,52.72,85,61,24.2,FO,2022-07-17 14:19:20
126,Zhigansk,66.7697,123.3711,59.54,71,100,10.83,RU,2022-07-17 14:13:25
127,Hofn,64.2539,-15.2082,59.02,72,75,11.5,IS,2022-07-17 14:21:08
128,Pindi Gheb,33.2402,72.2661,97.25,38,100,5.39,PK,2022-07-17 14:21:08
129,Lewiston,44.1003,-70.2148,86.41,55,0,3.44,US,2022-07-17 14:17:26
130,Verkhoyansk,67.5447,133.385,54.79,71,99,2.93,RU,2022-07-17 14:16:56
131,Shiloh,38.5614,-89.8973,76.32,93,75,3.44,US,2022-07-17 14:21:08
132,Tuktoyaktuk,69.4541,-133.0374,53.6,94,100,6.91,CA,2022-07-17 14:12:00
133,Esperance,-33.8667,121.9,55.06,75,99,17.05,AU,2022-07-17 14:20:27
134,Chumikan,54.7183,135.315,52.38,99,100,6.55,RU,2022-07-17 14:21:09
135,Faya,18.3851,42.4509,80.71,25,84,9.71,SA,2022-07-17 14:21:09
136,Victoria,22.2855,114.1577,88.18,80,100,11.01,HK,2022-07-17 14:19:05
137,Boyolangu,-8.1181,111.8935,73.96,87,100,1.5,ID,2022-07-17 14:21:09
138,Hay River,60.8156,-115.7999,62.58,82,100,10.36,CA,2022-07-17 14:16:36
139,Tiksi,71.6872,128.8694,36.81,80,100,2.19,RU,2022-07-17 14:14:26
140,Nikolsk,53.7189,46.0712,78.53,57,24,5.19,RU,2022-07-17 14:22:10
141,Qandala,11.472,49.8728,93.31,47,0,7.23,SO,2022-07-17 14:22:10
142,Coquimbo,-29.9533,-71.3436,53.33,54,0,4.61,CL,2022-07-17 14:20:38
143,Cuamba,-14.8031,36.5372,73.72,46,41,7.11,MZ,2022-07-17 14:22:11
144,Ternate,0.8,127.4,80.65,79,100,6.31,ID,2022-07-17 14:22:11
145,Bengkulu,-3.8004,102.2655,78.98,85,91,4.74,ID,2022-07-17 14:22:11
146,Fallon,39.4735,-118.7774,78.93,30,0,3.44,US,2022-07-17 14:19:44
147,Dudinka,69.4058,86.1778,63.63,56,100,5.26,RU,2022-07-17 14:22:12
148,La Ronge,55.1001,-105.2842,71.82,64,40,6.91,CA,2022-07-17 14:20:27
149,Ulladulla,-35.35,150.4667,54.5,64,56,10.22,AU,2022-07-17 14:22:12
150,Valleyview,55.0667,-117.2859,57.24,77,0,4.61,CA,2022-07-17 14:22:12
151,Daru,-9.0763,143.2092,76.57,87,54,12.28,PG,2022-07-17 14:22:13
152,Sioux Lookout,50.1001,-91.917,75.27,69,20,4.61,CA,2022-07-17 14:22:13
153,Vaini,-21.2,-175.2,73.56,88,20,6.91,TO,2022-07-17 14:17:31
154,Souillac,-20.5167,57.5167,69.42,76,16,20.22,MU,2022-07-17 14:13:17
155,Sayyan,15.1718,44.3244,75.34,25,99,6.98,YE,2022-07-17 14:22:13
156,Klyuchi,52.2667,79.1667,72.75,45,0,21.43,RU,2022-07-17 14:21:42
157,Katsuura,35.1333,140.3,77.22,92,18,17.87,JP,2022-07-17 14:22:14
158,Faanui,-16.4833,-151.75,75.74,76,74,18.28,PF,2022-07-17 14:19:58
159,Marawi,7.9986,124.2928,69.12,94,100,2.98,PH,2022-07-17 14:18:07
160,Coihaique,-45.5752,-72.0662,36.21,80,75,5.75,CL,2022-07-17 14:15:55
161,Kirakira,-10.4544,161.9205,79.66,80,30,12.59,SB,2022-07-17 14:18:01
162,Imeni Poliny Osipenko,52.4201,136.4853,60.53,92,60,6.35,RU,2022-07-17 14:15:45
163,Wanning,18.8003,110.3967,82.63,89,24,9.28,CN,2022-07-17 14:22:14
164,Kodiak,57.79,-152.4072,56.71,72,75,9.22,US,2022-07-17 14:13:20
165,Cabo San Lucas,22.8909,-109.9124,80.62,67,12,5.01,MX,2022-07-17 14:18:00
166,Kaeo,-35.1,173.7833,47.32,94,82,3.62,NZ,2022-07-17 14:22:15
167,Karratha,-20.7377,116.8463,68.52,61,3,4.74,AU,2022-07-17 14:19:29
168,Ayia Galini,35.1,24.6833,94.75,20,0,10.0,GR,2022-07-17 14:22:15
169,Tabou,4.423,-7.3528,78.04,75,100,11.9,CI,2022-07-17 14:22:15
170,Clyde River,70.4692,-68.5914,38.07,82,79,4.52,CA,2022-07-17 14:13:13
171,Palu,-0.8917,119.8707,75.24,98,98,2.1,ID,2022-07-17 14:22:16
172,Iquitos,-3.7481,-73.2472,78.84,89,75,3.44,PE,2022-07-17 14:22:16
173,Amilly,47.9728,2.7719,90.05,16,100,10.92,FR,2022-07-17 14:22:16
174,Isparta,38.0,31.0,76.71,35,0,19.51,TR,2022-07-17 14:22:17
175,Makakilo City,21.3469,-158.0858,77.32,74,100,10.36,US,2022-07-17 14:22:17
176,Ilulissat,69.2167,-51.1,51.82,54,20,5.75,GL,2022-07-17 14:22:18
177,Pisco,-13.7,-76.2167,60.85,72,3,4.61,PE,2022-07-17 14:14:34
178,Xining,36.6167,101.7667,53.51,91,100,0.85,CN,2022-07-17 14:22:15
179,Rundu,-17.9333,19.7667,75.54,18,0,9.35,NA,2022-07-17 14:19:21
180,Zheleznodorozhnyy,55.7503,38.0042,72.14,45,100,2.93,RU,2022-07-17 14:22:19
181,Ornskoldsvik,63.2909,18.7153,61.75,51,75,13.8,SE,2022-07-17 14:22:19
182,Lompoc,34.6391,-120.4579,58.59,95,100,0.0,US,2022-07-17 14:17:29
183,San Policarpo,12.1791,125.5072,80.74,83,100,1.63,PH,2022-07-17 14:22:20
184,Muroto,33.2833,134.15,79.23,82,100,11.03,JP,2022-07-17 14:22:20
185,Pevek,69.7008,170.3133,31.73,86,100,31.05,RU,2022-07-17 14:22:29
186,Aniva,46.7144,142.5294,59.11,96,100,13.35,RU,2022-07-17 14:23:20
187,Lagoa Vermelha,-28.2086,-51.5258,47.61,79,73,6.46,BR,2022-07-17 14:23:20
188,The Valley,18.217,-63.0578,86.83,70,40,18.41,AI,2022-07-17 14:21:15
189,Bathsheba,13.2167,-59.5167,84.81,84,40,25.32,BB,2022-07-17 14:22:55
190,Cleveland,41.4995,-81.6954,75.7,85,75,11.5,US,2022-07-17 14:18:52
191,Ambunti,-4.2365,142.8448,73.31,98,43,1.23,PG,2022-07-17 14:23:21
192,Airai,-8.9266,125.4092,55.85,90,55,2.93,TL,2022-07-17 14:20:00
193,Opuwo,-18.0607,13.84,77.09,20,0,10.45,NA,2022-07-17 14:23:21
194,Castro,-24.7911,-50.0119,62.76,76,100,3.87,BR,2022-07-17 14:23:22
195,Chicama,-7.8447,-79.1469,59.54,73,40,6.31,PE,2022-07-17 14:23:22
196,Sao Filipe,14.8961,-24.4956,75.92,81,40,12.46,CV,2022-07-17 14:23:22
197,Dikson,73.5069,80.5464,46.98,75,19,10.47,RU,2022-07-17 14:15:38
198,Pasighat,28.0667,95.3333,80.44,95,45,0.38,IN,2022-07-17 14:23:23
199,Saint-Ambroise,48.5501,-71.3324,72.14,61,61,4.7,CA,2022-07-17 14:23:23
200,Akodia,23.3833,76.6,78.13,87,100,9.22,IN,2022-07-17 14:23:23
201,Saint George,37.1041,-113.5841,91.26,30,0,5.75,US,2022-07-17 14:20:44
202,Del Rio,29.3627,-100.8968,81.0,47,0,12.66,US,2022-07-17 14:23:24
203,Margate,51.3813,1.3862,81.1,58,94,1.01,GB,2022-07-17 14:23:24
204,Mehamn,71.0357,27.8492,58.91,72,100,12.66,NO,2022-07-17 14:16:57
205,Cherskiy,68.75,161.3,32.7,68,26,11.5,RU,2022-07-17 14:16:49
206,Sungairaya,0.7,108.9,80.06,76,100,7.7,ID,2022-07-17 14:23:24
207,Ust-Maya,60.4167,134.5333,70.29,62,0,2.93,RU,2022-07-17 14:23:25
208,Vemalwada,18.4667,78.8833,75.36,94,100,6.6,IN,2022-07-17 14:23:25
209,Urumqi,43.801,87.6005,88.75,17,0,6.71,CN,2022-07-17 14:22:01
210,Llata,-9.4167,-76.7833,55.53,66,92,4.23,PE,2022-07-17 14:23:25
211,Sola,-13.8833,167.55,80.26,77,77,25.41,VU,2022-07-17 14:16:55
212,Uvarovka,55.5278,35.6061,68.11,45,80,6.11,RU,2022-07-17 14:23:25
213,Ilek,51.5271,53.3831,76.15,58,100,17.05,RU,2022-07-17 14:23:26
214,Powell River,49.8496,-124.5361,59.18,100,100,8.05,CA,2022-07-17 14:23:26
215,Laguna,38.421,-121.4238,77.97,63,0,5.75,US,2022-07-17 14:20:29
216,Saint-Philippe,-21.3585,55.7679,69.39,78,99,16.49,RE,2022-07-17 14:13:57
217,Belvedere Marittimo,39.6179,15.8617,99.12,60,12,3.24,IT,2022-07-17 14:23:26
218,Taikang,46.8333,124.4167,68.32,88,68,6.33,CN,2022-07-17 14:23:27
219,Lasa,46.6166,10.7002,88.68,35,10,1.66,IT,2022-07-17 14:23:27
220,Mecca,21.4267,39.8261,99.55,17,100,16.2,SA,2022-07-17 14:22:26
221,Nagercoil,8.1667,77.4333,80.38,76,100,17.85,IN,2022-07-17 14:23:28
222,Kruisfontein,-34.0033,24.7314,81.88,20,2,15.73,ZA,2022-07-17 14:15:37
223,Havre-Saint-Pierre,50.2334,-63.5986,62.96,82,75,8.05,CA,2022-07-17 14:23:28
224,Karaidel,55.8337,56.9069,74.64,66,75,4.83,RU,2022-07-17 14:23:28
225,Abu Dhabi,24.4667,54.3667,104.11,56,20,4.61,AE,2022-07-17 14:19:04
226,Leningradskiy,69.3833,178.4167,30.42,82,100,24.27,RU,2022-07-17 14:20:38
227,Novopokrovka,49.8425,36.5477,63.34,71,100,6.96,UA,2022-07-17 14:23:29
228,Kintampo,8.0563,-1.7306,78.17,75,100,6.11,GH,2022-07-17 14:23:29
229,Garissa,-0.4536,39.6401,85.37,38,100,23.31,KE,2022-07-17 14:23:29
230,Asau,46.4333,26.4,72.52,26,35,7.52,RO,2022-07-17 14:23:30
231,Paciran,-6.8767,112.3761,79.05,82,100,8.14,ID,2022-07-17 14:23:30
232,Mangotsfield,51.4878,-2.504,87.1,34,100,10.36,GB,2022-07-17 14:24:30
233,Nyaunglebin,17.95,96.7333,78.28,92,59,6.96,MM,2022-07-17 14:24:31
234,Kyren,51.6828,102.1408,60.08,81,14,0.6,RU,2022-07-17 14:24:31
235,Anadyr,64.75,177.4833,55.49,76,20,28.27,RU,2022-07-17 14:14:34
236,Lensk,60.7253,114.9278,56.84,87,86,3.91,RU,2022-07-17 14:24:31
237,Nguruka,-5.1092,31.0419,85.51,24,66,5.82,TZ,2022-07-17 14:24:32
238,Constitucion,-35.3333,-72.4167,49.91,80,100,10.04,CL,2022-07-17 14:15:42
239,Moshkovo,55.3053,83.6104,57.61,73,37,11.43,RU,2022-07-17 14:24:32
240,Bontang,0.1333,117.5,75.27,90,100,5.91,ID,2022-07-17 14:24:32
241,West Point,33.6076,-88.6503,85.1,74,0,9.22,US,2022-07-17 14:24:32
242,Guerrero Negro,27.9769,-114.0611,66.69,85,5,7.38,MX,2022-07-17 14:15:22
243,Darnah,32.767,22.6367,82.26,66,0,19.22,LY,2022-07-17 14:24:33
244,Barreirinha,-2.7933,-57.07,89.1,52,10,4.97,BR,2022-07-17 14:24:33
245,Muros,42.7762,-9.0603,72.23,73,30,5.68,ES,2022-07-17 14:24:33
246,Caravelas,-17.7125,-39.2481,80.44,53,2,7.47,BR,2022-07-17 14:22:51
247,Zorgo,12.2489,-0.6158,76.96,77,94,7.47,BF,2022-07-17 14:24:34
248,Bowral,-34.4667,150.4167,50.13,75,42,14.32,AU,2022-07-17 14:24:34
249,Shemysheyka,52.892,45.3928,80.53,50,32,5.73,RU,2022-07-17 14:24:34
250,Puerto Escondido,15.85,-97.0667,76.03,83,100,9.22,MX,2022-07-17 14:24:35
251,Alto Araguaia,-17.3147,-53.2153,85.59,32,9,5.19,BR,2022-07-17 14:24:35
252,Aksarka,66.5606,67.7975,72.45,41,9,4.09,RU,2022-07-17 14:24:35
253,Grand Gaube,-20.0064,57.6608,69.39,72,21,10.0,MU,2022-07-17 14:20:36
254,Quatre Cocos,-20.2078,57.7625,69.1,74,28,21.79,MU,2022-07-17 14:24:36
255,Bhanjanagar,19.9333,84.5833,79.45,91,53,2.68,IN,2022-07-17 14:24:36
256,Salalah,17.0151,54.0924,80.69,83,100,6.91,OM,2022-07-17 14:20:45
257,Saskylakh,71.9167,114.0833,54.63,61,72,9.75,RU,2022-07-17 14:24:36
258,Aktau,43.65,51.2,86.58,47,1,11.21,KZ,2022-07-17 14:24:36
259,Tefe,-3.3542,-64.7114,87.91,74,40,9.22,BR,2022-07-17 14:24:37
260,Galesong,-5.3166,119.3661,77.02,81,40,7.34,ID,2022-07-17 14:24:37
261,Oktyabrskoye,43.0645,44.7417,86.14,40,40,8.95,RU,2022-07-17 14:24:37
262,Samarai,-10.6167,150.6667,78.78,85,45,10.85,PG,2022-07-17 14:24:38
263,Khalkhal,37.6189,48.5258,79.07,33,0,8.03,IR,2022-07-17 14:24:38
264,Middlesbrough,54.5762,-1.2348,84.4,38,0,9.22,GB,2022-07-17 14:24:26
265,Belyy Yar,53.6039,91.3903,71.49,60,0,15.66,RU,2022-07-17 14:24:38
266,Sobolevo,54.4299,31.8996,65.91,62,95,2.57,RU,2022-07-17 14:24:39
267,Abu Samrah,35.3029,37.1841,98.78,17,0,14.99,SY,2022-07-17 14:24:39
268,Omsukchan,62.5333,155.8,56.57,87,100,6.02,RU,2022-07-17 14:24:39
269,Zhaotong,27.3167,103.7167,67.73,91,100,7.49,CN,2022-07-17 14:24:40
270,Harper,4.375,-7.7169,78.33,74,100,12.15,LR,2022-07-17 14:24:40
271,Kamen-Na-Obi,53.7884,81.3423,66.56,52,3,11.74,RU,2022-07-17 14:21:15
272,Mogzon,51.7435,111.9606,55.74,61,4,2.24,RU,2022-07-17 14:24:40
273,Ati,13.2154,18.3353,81.7,61,93,16.13,TD,2022-07-17 14:19:14
274,Moindou,-21.6924,165.677,66.58,76,15,3.74,NC,2022-07-17 14:24:40
275,Acapulco,16.8634,-99.8901,78.62,83,40,6.91,MX,2022-07-17 14:22:37
276,Richards Bay,-28.783,32.0377,74.28,52,0,13.13,ZA,2022-07-17 14:24:41
277,Pontian Kecil,1.4801,103.3899,80.92,81,76,9.86,MY,2022-07-17 14:24:41
278,Kharp,66.8014,65.8081,72.86,39,10,0.18,RU,2022-07-17 14:25:41
279,San Quintin,30.4833,-115.95,66.88,89,25,2.01,MX,2022-07-17 14:21:48
280,Vestmannaeyjar,63.4427,-20.2734,54.59,82,20,13.8,IS,2022-07-17 14:25:19
281,Port Hardy,50.6996,-127.4199,53.78,94,75,4.61,CA,2022-07-17 14:25:42
282,San Juan,-31.5375,-68.5364,49.48,27,0,8.59,AR,2022-07-17 14:25:42
283,Mareeba,-17.0,145.4333,63.32,88,11,2.37,AU,2022-07-17 14:21:43
284,Marienburg,54.0359,19.0266,71.87,47,95,8.9,PL,2022-07-17 14:25:43
285,Camacari,-12.6975,-38.3242,82.17,49,0,9.08,BR,2022-07-17 14:23:05
286,Iracoubo,5.4802,-53.2011,81.55,75,79,4.0,GF,2022-07-17 14:25:43
287,Hasaki,35.7333,140.8333,77.29,95,20,12.21,JP,2022-07-17 14:24:33
288,Fartura,-23.3883,-49.51,77.47,59,100,3.47,BR,2022-07-17 14:25:43
289,Kavaratti,10.5669,72.642,82.17,84,99,15.32,IN,2022-07-17 14:19:14
290,Novo Lino,-8.915,-35.6467,78.04,71,48,11.14,BR,2022-07-17 14:25:43
291,Torbay,47.6666,-52.7314,74.88,59,40,14.97,CA,2022-07-17 14:25:44
292,Prizren,42.2139,20.7397,83.84,46,5,5.46,XK,2022-07-17 14:25:44
293,Talnakh,69.4865,88.3972,63.21,48,100,2.91,RU,2022-07-17 14:25:44
294,Chawinda,32.3469,74.7061,89.38,52,99,3.74,PK,2022-07-17 14:25:45
295,Namibe,-15.1961,12.1522,65.03,82,100,11.5,AO,2022-07-17 14:20:37
296,Tessalit,20.1986,1.0114,103.93,20,6,7.76,ML,2022-07-17 14:25:45
297,Nsanje,-16.92,35.262,76.44,52,70,9.35,MW,2022-07-17 14:25:45
298,Kampot,10.6167,104.1833,80.65,84,28,6.89,KH,2022-07-17 14:25:46
299,Solnechnyy,50.7214,136.6319,61.83,65,94,2.28,RU,2022-07-17 14:25:46
300,Doha,25.2867,51.5333,107.91,55,6,11.5,QA,2022-07-17 14:21:55
301,Tutoia,-2.7619,-42.2744,86.77,56,7,5.73,BR,2022-07-17 14:25:46
302,Inhambane,-23.865,35.3833,72.73,65,0,11.63,MZ,2022-07-17 14:25:47
303,Boundiali,9.5217,-6.4869,82.76,63,97,6.93,CI,2022-07-17 14:25:47
304,Chernyshevskiy,63.0128,112.4714,52.18,90,95,2.57,RU,2022-07-17 14:21:39
305,Tezu,27.9167,96.1667,79.27,98,63,2.53,IN,2022-07-17 14:25:47
306,Hanko,59.8333,22.95,60.06,65,100,23.87,FI,2022-07-17 14:25:47
307,Sistranda,63.7256,8.834,55.36,92,100,20.71,NO,2022-07-17 14:24:43
308,Key West,24.5557,-81.7826,91.4,69,0,14.97,US,2022-07-17 14:25:48
309,Arkhangelsk,64.5401,40.5433,69.91,52,40,6.71,RU,2022-07-17 14:24:17
310,Fort Erie,42.9001,-78.9329,83.05,56,75,4.61,CA,2022-07-17 14:24:59
311,Kurilsk,45.2333,147.8833,56.26,96,100,18.72,RU,2022-07-17 14:25:38
312,Pandan,14.0453,124.1694,81.68,80,79,1.16,PH,2022-07-17 14:25:48
313,Tiarei,-17.5333,-149.3333,71.62,74,63,19.98,PF,2022-07-17 14:25:49
314,Pangnirtung,66.1451,-65.7125,49.35,65,55,3.6,CA,2022-07-17 14:22:17
315,East London,-33.0153,27.9116,86.94,17,0,5.75,ZA,2022-07-17 14:25:49
316,Hobyo,5.3505,48.5268,79.54,70,47,32.53,SO,2022-07-17 14:25:49
317,Dalbandin,28.8947,64.4101,100.6,23,70,12.66,PK,2022-07-17 14:25:50
318,Komsomolskiy,40.4272,71.7189,99.32,13,0,4.61,UZ,2022-07-17 14:25:50
319,College,64.8569,-147.8028,57.15,76,100,4.61,US,2022-07-17 14:20:37
320,Pavlodar,52.3,76.95,76.8,36,0,15.66,KZ,2022-07-17 14:25:50
321,Porto Walter,-8.2686,-72.7439,77.9,93,82,0.2,BR,2022-07-17 14:25:51
322,Shingu,33.7333,135.9833,75.11,88,100,5.5,JP,2022-07-17 14:18:09
323,Mackenzie,55.2999,-123.1698,48.42,87,0,3.44,CA,2022-07-17 14:26:51
324,Cayenne,4.9333,-52.3333,89.64,1,75,6.91,GF,2022-07-17 14:26:51
325,Cabras,39.93,8.5314,89.29,41,0,9.91,IT,2022-07-17 14:26:52
326,Bamako,12.65,-8.0,70.21,100,75,4.61,ML,2022-07-17 14:25:06
327,Huarmey,-10.0681,-78.1522,63.21,79,26,5.19,PE,2022-07-17 14:26:52
328,Manado,1.487,124.8455,75.97,100,40,2.3,ID,2022-07-17 14:26:52
329,Santa Marta,11.2408,-74.199,86.05,70,40,3.44,CO,2022-07-17 14:26:53
330,Trelew,-43.249,-65.3051,44.47,48,100,13.91,AR,2022-07-17 14:26:12
331,Oda,35.1833,132.5,74.34,86,100,7.9,JP,2022-07-17 14:26:53
332,Ostrovnoy,68.0531,39.5131,67.03,59,17,15.99,RU,2022-07-17 14:24:11
333,Ribeira Grande,38.5167,-28.7,79.2,65,40,6.91,PT,2022-07-17 14:26:53
334,Proletarsk,46.7031,41.7192,92.91,27,82,2.64,RU,2022-07-17 14:26:53
335,Gorontalo,0.5412,123.0595,75.24,94,99,1.61,ID,2022-07-17 14:22:21
336,Vanimo,-2.6741,141.3028,75.92,88,100,2.15,PG,2022-07-17 14:16:57
337,Koulamoutou,-1.1303,12.4736,90.0,39,91,2.57,GA,2022-07-17 14:26:54
338,Rancho Palos Verdes,33.7445,-118.387,70.81,93,100,5.75,US,2022-07-17 14:22:53
339,Araouane,18.9048,-3.5265,104.65,23,49,12.82,ML,2022-07-17 14:26:54
340,Marsh Harbour,26.5412,-77.0636,83.1,75,75,18.77,BS,2022-07-17 14:26:54
341,Lagoa,39.05,-27.9833,70.12,89,8,11.72,PT,2022-07-17 14:22:27
342,Charters Towers,-20.1,146.2667,60.8,82,57,7.25,AU,2022-07-17 14:24:17
343,Pathein,16.7833,94.7333,80.2,89,100,6.96,MM,2022-07-17 14:26:55
344,Sandnessjoen,66.0217,12.6316,55.92,71,75,10.36,NO,2022-07-17 14:26:55
345,Ucluelet,48.9329,-125.5528,57.09,91,76,2.53,CA,2022-07-17 14:26:56
346,Rangapara,26.8167,92.65,81.61,89,73,0.76,IN,2022-07-17 14:26:56
347,Jalu,29.0331,21.5482,98.94,15,0,14.65,LY,2022-07-17 14:26:56
348,Odweyne,9.4092,45.064,81.46,40,87,25.48,SO,2022-07-17 14:26:57
349,Znamenskoye,57.1281,73.8282,65.55,65,85,4.85,RU,2022-07-17 14:26:57
350,Jingdezhen,29.2947,117.2079,78.28,91,100,0.56,CN,2022-07-17 14:26:57
351,Shu,43.5983,73.7614,95.5,10,0,5.68,KZ,2022-07-17 14:26:57
352,Ongandjera,-17.8833,15.0667,77.34,20,0,9.66,NA,2022-07-17 14:26:58
353,Noumea,-22.2763,166.4572,64.38,79,35,8.86,NC,2022-07-17 14:26:58
354,Nordfjordeid,61.9063,5.9915,59.86,88,75,10.36,NO,2022-07-17 14:26:58
355,Angoram,-4.0625,144.0661,73.74,99,50,1.77,PG,2022-07-17 14:26:59
356,Barabai,-2.5833,115.3833,71.89,95,100,1.21,ID,2022-07-17 14:26:59
357,Digha,21.6833,87.55,83.64,82,55,18.07,IN,2022-07-17 14:26:59
358,Severo-Kurilsk,50.6789,156.125,53.74,96,100,1.52,RU,2022-07-17 14:24:28
359,Kununurra,-15.7667,128.7333,55.38,76,7,0.0,AU,2022-07-17 14:26:44
360,Kollam,8.8833,76.6,77.83,86,100,9.17,IN,2022-07-17 14:27:00
361,Pacific Grove,36.6177,-121.9166,56.88,95,100,6.91,US,2022-07-17 14:14:37
362,Presidente Olegario,-18.4178,-46.4181,78.48,30,89,5.91,BR,2022-07-17 14:24:39
363,Chifeng,42.2683,118.9636,67.87,77,0,4.63,CN,2022-07-17 14:27:00
364,Baudh,20.8416,84.3213,79.74,91,13,5.26,IN,2022-07-17 14:27:01
365,Bambous Virieux,-20.3428,57.7575,69.22,88,75,17.27,MU,2022-07-17 14:27:01
366,Kholodnyy,62.7167,147.95,62.98,89,100,5.7,RU,2022-07-17 14:27:01
367,Yaan,7.3833,8.5667,82.27,63,100,6.06,NG,2022-07-17 14:27:01
368,Dingle,10.9995,122.6711,75.87,95,100,3.11,PH,2022-07-17 14:18:01
369,Riyadh,24.6877,46.7219,105.94,8,94,5.17,SA,2022-07-17 14:23:01
370,Lunenburg,44.3835,-64.3155,76.48,79,100,9.22,CA,2022-07-17 14:28:02
371,Yar-Sale,66.8333,70.8333,71.06,45,79,3.06,RU,2022-07-17 14:24:49
372,San Cristobal,7.7669,-72.225,77.18,95,100,4.74,VE,2022-07-17 14:23:28
373,Paamiut,61.994,-49.6678,42.26,87,100,9.64,GL,2022-07-17 14:28:03
374,Lisakovsk,52.5369,62.4936,75.22,64,100,6.06,KZ,2022-07-17 14:28:03
375,Husavik,66.0449,-17.3389,46.71,95,100,12.03,IS,2022-07-17 14:21:49
376,Pringsewu,-5.3582,104.9744,74.48,97,76,1.25,ID,2022-07-17 14:18:08
377,Shimoda,34.6667,138.95,76.1,89,69,13.56,JP,2022-07-17 14:28:03
378,Kasongo-Lunda,-6.4667,16.8167,97.81,18,7,2.95,CD,2022-07-17 14:28:04
379,Rocha,-34.4833,-54.3333,48.22,60,2,14.74,UY,2022-07-17 14:23:04
380,Emba,48.8264,58.1442,92.71,20,0,7.38,KZ,2022-07-17 14:23:02
381,Toguchin,55.2353,84.3858,57.47,75,35,13.11,RU,2022-07-17 14:28:04
382,Leavenworth,39.2333,-95.0336,80.94,92,12,1.99,US,2022-07-17 14:28:05
383,Kamarion,36.8,25.8167,72.75,73,0,29.62,GR,2022-07-17 14:28:05
384,Gorin,51.1983,136.6669,65.66,82,96,2.42,RU,2022-07-17 14:28:05
385,Dawei,14.0833,98.2,78.71,89,34,2.62,MM,2022-07-17 14:28:06
386,Srandakan,-7.9386,110.2506,76.77,85,100,6.38,ID,2022-07-17 14:28:06
387,Matam,15.6175,-13.3303,98.11,25,84,14.38,SN,2022-07-17 14:28:06
388,Kula,38.5473,28.6498,90.79,19,0,20.83,TR,2022-07-17 14:28:07
389,Vao,-22.6667,167.4833,70.09,71,99,20.38,NC,2022-07-17 14:28:07
390,Lavrentiya,65.5833,-171.0,46.78,89,100,8.72,RU,2022-07-17 14:28:07
391,Poum,-20.2333,164.0167,72.82,72,47,19.06,NC,2022-07-17 14:20:30
392,Morant Bay,17.8815,-76.4093,87.42,69,4,12.08,JM,2022-07-17 14:28:07
393,Linxia,35.6003,103.2064,61.41,66,100,3.2,CN,2022-07-17 14:28:08
394,Port-Gentil,-0.7193,8.7815,82.36,65,40,12.66,GA,2022-07-17 14:19:21
395,Port Blair,11.6667,92.75,81.99,84,100,10.31,IN,2022-07-17 14:28:08
396,Pareora,-44.4871,171.2132,43.65,83,10,15.35,NZ,2022-07-17 14:28:08
397,Adre,13.4667,22.2,88.88,42,37,8.55,TD,2022-07-17 14:28:09
398,Buraydah,26.326,43.975,108.05,6,100,7.34,SA,2022-07-17 14:24:57
399,Lac Du Bonnet,50.2536,-96.0612,71.92,79,0,8.48,CA,2022-07-17 14:28:09
400,Hervey Bay,-25.2986,152.8535,64.71,71,100,1.63,AU,2022-07-17 14:28:09
401,Clearwater,27.9659,-82.8001,86.95,74,0,10.0,US,2022-07-17 14:24:28
402,Bela,25.9333,81.9833,101.07,34,86,5.14,IN,2022-07-17 14:28:10
403,Champerico,14.3,-91.9167,82.94,82,95,6.96,GT,2022-07-17 14:28:10
404,Norman Wells,65.282,-126.8329,59.04,94,75,0.0,CA,2022-07-17 14:28:10
405,Nyurba,63.2842,118.3319,60.37,93,100,4.92,RU,2022-07-17 14:26:39
406,Carnot,4.9409,15.8665,82.04,65,98,3.11,CF,2022-07-17 14:28:11
407,Mudgee,-32.5943,149.5871,50.79,65,84,7.67,AU,2022-07-17 14:28:11
408,Tamsweg,47.1281,13.811,76.44,43,33,3.74,AT,2022-07-17 14:28:11
409,Acari,-15.4311,-74.6158,66.88,63,54,5.32,PE,2022-07-17 14:28:11
410,Le Port,-20.9373,55.2919,71.26,60,23,4.14,RE,2022-07-17 14:28:12
411,Port Moresby,-9.4431,147.1797,76.42,94,40,2.3,PG,2022-07-17 14:28:12
412,Fare,-16.7,-151.0167,76.24,73,65,20.29,PF,2022-07-17 14:28:12
413,Fukue,32.6881,128.8419,79.57,87,100,12.06,JP,2022-07-17 14:28:13
414,Salisbury,51.0693,-1.7957,86.56,27,100,17.27,GB,2022-07-17 14:28:13
415,Artyom,40.4723,50.333,87.94,73,0,17.4,AZ,2022-07-17 14:29:13
416,Lorengau,-2.0226,147.2712,80.64,83,95,8.77,PG,2022-07-17 14:29:14
417,Mitsamiouli,-11.3847,43.2844,80.89,65,40,11.5,KM,2022-07-17 14:29:14
418,Oeiras Do Para,-2.0031,-49.8544,91.2,50,82,2.44,BR,2022-07-17 14:29:14
419,Chapais,49.7834,-74.8492,69.58,55,38,7.4,CA,2022-07-17 14:29:15
420,Tsuruga,35.6455,136.0558,75.63,83,96,3.42,JP,2022-07-17 14:29:15
421,Tikrit,34.6071,43.6782,111.02,8,0,13.89,IQ,2022-07-17 14:29:15
422,Nishihara,26.1842,127.7558,82.06,93,75,12.66,JP,2022-07-17 14:19:23
423,Sovetskiy,61.3614,63.5842,73.51,46,100,2.35,RU,2022-07-17 14:25:47
424,San Antonio Huista,15.65,-91.7667,72.32,68,45,1.52,GT,2022-07-17 14:29:15
425,Pemangkat,1.1667,108.9667,80.53,75,100,8.95,ID,2022-07-17 14:29:16
426,Alta Floresta,-9.8756,-56.0861,93.02,40,0,9.22,BR,2022-07-17 14:29:17
427,Ilhabela,-23.7781,-45.3581,82.72,48,96,5.26,BR,2022-07-17 14:26:38
428,Yerbogachen,61.2767,108.0108,59.79,76,91,3.24,RU,2022-07-17 14:29:17
429,Mount Gambier,-37.8333,140.7667,47.08,72,100,10.25,AU,2022-07-17 14:29:17
430,Port Lincoln,-34.7333,135.8667,52.63,67,98,11.5,AU,2022-07-17 14:20:34
431,Sorland,67.667,12.6934,53.46,66,75,6.91,NO,2022-07-17 14:29:18
432,Mahajanga,-15.7167,46.3167,84.22,42,40,9.22,MG,2022-07-17 14:29:18
433,Nokaneng,-19.6667,22.2667,74.55,20,0,9.91,BW,2022-07-17 14:29:18
434,Brae,60.3964,-1.353,56.34,77,100,13.94,GB,2022-07-17 14:29:18
435,Evans,33.5337,-82.1307,86.27,60,0,1.99,US,2022-07-17 14:29:19
436,Itupiranga,-5.1347,-49.3267,91.72,38,29,4.03,BR,2022-07-17 14:29:19
437,Curvelo,-18.7564,-44.4308,81.12,33,100,3.22,BR,2022-07-17 14:29:19
438,Arcos,-20.2819,-45.5394,78.26,39,98,5.64,BR,2022-07-17 14:29:20
439,Isabela,6.7085,121.9711,78.85,83,100,5.7,PH,2022-07-17 14:29:20
440,Ust-Koksa,50.2696,85.6108,63.82,76,65,3.94,RU,2022-07-17 14:29:20
441,Okha,53.5739,142.9478,52.61,90,100,14.83,RU,2022-07-17 14:29:21
442,Touros,-5.1989,-35.4608,82.4,68,53,17.49,BR,2022-07-17 14:24:07
443,Sebinkarahisar,40.2883,38.4236,69.91,59,18,9.04,TR,2022-07-17 14:29:21
444,Yatou,37.15,122.3833,72.9,91,100,5.57,CN,2022-07-17 14:29:22
445,Tatarsk,55.219,75.9828,66.38,65,34,7.0,RU,2022-07-17 14:29:22
446,Pattani,6.75,100.4167,76.71,85,49,2.24,TH,2022-07-17 14:29:22
447,Irati,-25.4672,-50.6511,61.86,63,100,2.26,BR,2022-07-17 14:26:29
448,Fort-Shevchenko,44.5086,50.263,83.43,59,0,6.44,KZ,2022-07-17 14:29:23
449,Prieska,-29.6641,22.7474,68.95,28,0,16.82,ZA,2022-07-17 14:29:23
450,Khor,47.8861,134.9464,63.45,90,98,2.51,RU,2022-07-17 14:29:23
451,Natal,-5.795,-35.2094,83.05,83,75,18.41,BR,2022-07-17 14:29:23
452,Ahipara,-35.1667,173.1667,48.52,85,92,4.81,NZ,2022-07-17 14:29:24
453,Benito Juarez,19.385,-99.165,64.99,64,75,3.44,MX,2022-07-17 14:29:24
454,Kutum,14.2,24.6667,88.16,31,58,6.98,SD,2022-07-17 14:25:45
455,Lappeenranta,61.0587,28.1887,59.05,88,20,5.75,FI,2022-07-17 14:29:24
456,Anloga,5.7947,0.8973,78.17,79,36,14.18,GH,2022-07-17 14:29:25
457,San Patricio,28.017,-97.5169,86.9,71,55,7.63,US,2022-07-17 14:29:25
458,Ciudad Bolivar,8.1222,-63.5497,84.13,67,31,6.76,VE,2022-07-17 14:25:13
459,Roanoke Rapids,36.4615,-77.6542,80.55,94,0,5.75,US,2022-07-17 14:29:25
460,Verkhnetulomskiy,68.6073,31.7962,66.33,76,91,3.58,RU,2022-07-17 14:30:26
461,Sal Rei,16.1833,-22.9167,80.8,65,75,14.97,CV,2022-07-17 14:30:26
462,Egvekinot,66.3167,-179.1667,42.3,95,100,4.92,RU,2022-07-17 14:30:26
463,Alofi,-19.0595,-169.9187,73.29,88,29,11.5,NU,2022-07-17 14:30:26
464,Buenos Aires,-34.6132,-58.3772,49.91,62,0,5.75,AR,2022-07-17 14:29:37
465,Aykhal,66.0,111.5,48.69,96,100,2.46,RU,2022-07-17 14:30:27
466,La Brea,15.8,-85.9667,85.51,62,40,3.44,HN,2022-07-17 14:30:27
467,Aripuana,-9.1667,-60.6333,93.27,35,17,4.14,BR,2022-07-17 14:30:27
468,Namatanai,-3.6667,152.4333,79.47,80,27,9.35,PG,2022-07-17 14:22:55
469,Fairbanks,64.8378,-147.7164,57.16,77,100,5.75,US,2022-07-17 14:24:09
470,Vernon,50.2581,-119.2691,65.3,61,0,2.3,CA,2022-07-17 14:29:45
471,Avera,33.194,-82.5271,83.55,58,0,2.13,US,2022-07-17 14:30:28
472,Salym,60.0625,71.4789,63.41,66,71,3.94,RU,2022-07-17 14:30:28
473,Panaba,21.2833,-88.2667,87.26,54,5,4.18,MX,2022-07-17 14:30:28
474,Kavieng,-2.5744,150.7967,82.6,77,77,15.77,PG,2022-07-17 14:30:28
475,Bermejo,-32.8833,-68.8,39.11,70,0,4.61,AR,2022-07-17 14:30:29
476,Motygino,58.1831,94.7592,62.26,63,100,5.46,RU,2022-07-17 14:30:29
477,Matara,5.9485,80.5353,79.65,85,100,9.26,LK,2022-07-17 14:30:30
478,El Campo,29.1966,-96.2697,84.49,64,42,6.49,US,2022-07-17 14:30:30
479,Burnie,-41.0667,145.9167,41.94,78,64,16.4,AU,2022-07-17 14:30:30
480,Whitianga,-36.8333,175.7,47.1,81,84,1.32,NZ,2022-07-17 14:30:30
481,Qaqortoq,60.7167,-46.0333,45.54,75,11,10.16,GL,2022-07-17 14:30:31
482,Brenham,30.1669,-96.3977,86.83,65,0,10.36,US,2022-07-17 14:30:31
483,Owando,-0.4819,15.8999,92.14,35,68,4.32,CG,2022-07-17 14:30:32
484,Kurayoshi,35.4333,133.8167,73.71,88,75,4.9,JP,2022-07-17 14:30:32
485,Cobh,51.8572,-8.2992,74.44,64,0,11.5,IE,2022-07-17 14:30:32
486,Aswan,24.0934,32.907,103.3,10,0,13.8,EG,2022-07-17 14:30:33
487,Phuket,8.0,98.25,87.13,88,20,2.3,TH,2022-07-17 14:25:35
488,Quelimane,-17.8786,36.8883,67.42,92,48,5.03,MZ,2022-07-17 14:30:33
489,Sabha,27.0377,14.4283,96.89,10,0,12.33,LY,2022-07-17 14:30:33
490,Madera,37.1666,-119.8343,91.08,36,2,1.39,US,2022-07-17 14:30:34
491,Tambopata,-12.7333,-69.1833,80.49,78,20,2.3,PE,2022-07-17 14:30:34
492,Arecibo,18.4724,-66.7157,88.27,78,12,5.01,PR,2022-07-17 14:30:34
493,Kattivakkam,13.2167,80.3167,86.09,88,100,8.5,IN,2022-07-17 14:30:35
494,Kidal,18.4411,1.4078,97.88,28,88,8.75,ML,2022-07-17 14:30:35
495,Moramanga,-18.9333,48.2,57.36,85,85,6.87,MG,2022-07-17 14:30:35
496,Tsumeb,-19.2333,17.7167,72.57,19,0,13.8,NA,2022-07-17 14:30:36
497,Axim,4.8699,-2.2405,78.48,71,84,11.12,GH,2022-07-17 14:25:19
498,Amapa,1.0,-52.0,88.81,51,12,4.45,BR,2022-07-17 14:30:36
499,Dakar,14.6937,-17.4441,86.88,65,40,13.8,SN,2022-07-17 14:29:14
500,Meadow Lake,34.8014,-106.5436,84.61,22,19,4.56,US,2022-07-17 14:30:22
501,Elizabeth City,36.2946,-76.2511,84.99,77,0,5.75,US,2022-07-17 14:30:36
502,Bonavista,48.6499,-53.1147,63.36,67,10,12.93,CA,2022-07-17 14:30:37
503,Viedma,-40.8135,-62.9967,51.85,40,29,29.21,AR,2022-07-17 14:30:26
504,Erzin,36.9559,36.2,86.23,53,0,10.47,TR,2022-07-17 14:30:37
505,Novoagansk,61.9449,76.6625,62.92,58,82,10.22,RU,2022-07-17 14:31:37
506,Pakxan,18.3778,103.6601,78.35,94,56,2.48,LA,2022-07-17 14:31:38
507,Mitchell,43.7094,-98.0298,69.78,99,100,6.91,US,2022-07-17 14:30:37
508,Dali,25.7,100.1833,67.73,87,36,5.55,CN,2022-07-17 14:24:07
509,Bella Union,-30.2752,-57.6007,50.36,67,0,3.11,UY,2022-07-17 14:31:38
510,Conde,-7.2597,-34.9075,78.26,83,75,17.27,BR,2022-07-17 14:31:39
511,Vadamadurai,10.4667,78.0833,79.11,77,100,3.13,IN,2022-07-17 14:31:39
512,Bhitarwar,25.8,78.1167,94.78,44,69,7.09,IN,2022-07-17 14:31:39
513,Iztapa,13.9333,-90.7075,82.45,83,0,6.91,GT,2022-07-17 14:31:40
514,Hanzhong,33.0728,107.0303,77.25,58,66,1.61,CN,2022-07-17 14:31:40
515,Tilichiki,60.4667,166.1,52.9,89,74,6.02,RU,2022-07-17 14:31:40
516,Kungurtug,50.5994,97.5228,56.46,61,45,2.39,RU,2022-07-17 14:31:41
517,Tateyama,34.9833,139.8667,79.11,89,27,17.07,JP,2022-07-17 14:31:41
518,Tres Palos,18.1833,-101.6167,75.67,89,98,3.8,MX,2022-07-17 14:31:41
519,Trinidad,-14.8333,-64.9,57.18,94,100,11.5,BO,2022-07-17 14:31:41
520,Nahan,30.55,77.3,84.74,60,2,4.9,IN,2022-07-17 14:31:42
521,Christchurch,-43.5333,172.6333,48.4,69,96,6.91,NZ,2022-07-17 14:27:34
522,Beloha,-25.1667,45.05,69.51,63,32,16.64,MG,2022-07-17 14:31:42
523,Meridian,43.6121,-116.3915,73.9,53,0,3.0,US,2022-07-17 14:29:36
524,Mildura,-34.2,142.15,47.95,68,58,9.95,AU,2022-07-17 14:31:38
525,Castelbuono,37.932,14.0886,95.07,72,8,5.97,IT,2022-07-17 14:31:42
526,Luwuk,-0.9516,122.7875,76.06,87,97,5.17,ID,2022-07-17 14:31:43
527,Port Elizabeth,-33.918,25.5701,84.31,27,0,5.75,ZA,2022-07-17 14:31:43
528,Quilali,13.567,-86.026,77.43,77,91,5.1,NI,2022-07-17 14:31:43
529,Locri,38.2414,16.2623,86.13,43,0,4.54,IT,2022-07-17 14:31:43
530,Prince George,53.9166,-122.753,54.25,92,0,3.44,CA,2022-07-17 14:30:22
531,Kovylkino,54.0388,43.9139,71.31,78,54,2.89,RU,2022-07-17 14:31:44
532,Kabrai,25.4167,80.0167,100.17,34,47,10.87,IN,2022-07-17 14:31:44
533,Nayudupeta,13.9,79.9,92.28,75,100,4.41,IN,2022-07-17 14:31:44
534,Raudeberg,61.9875,5.1352,56.07,87,92,21.34,NO,2022-07-17 14:31:44
535,Cabatuan,10.8794,122.486,76.21,91,100,1.52,PH,2022-07-17 14:31:45
536,Ust-Kuyga,70.0167,135.6,43.32,68,98,5.06,RU,2022-07-17 14:31:45
537,Nuuk,64.1835,-51.7216,45.21,87,75,20.71,GL,2022-07-17 14:31:45
538,Ejura,7.3856,-1.3562,77.77,79,98,3.53,GH,2022-07-17 14:31:45
539,Tungor,53.3808,142.9564,51.67,91,100,14.43,RU,2022-07-17 14:31:46
540,Liuzhou,24.3126,109.3892,81.57,91,100,4.5,CN,2022-07-17 14:31:46
541,Beian,63.6559,9.5683,56.01,88,75,14.97,NO,2022-07-17 14:31:46
542,Huilong,31.8111,121.655,80.92,95,100,13.4,CN,2022-07-17 14:31:47
543,Sechura,-5.5569,-80.8222,65.79,73,9,13.11,PE,2022-07-17 14:27:43
544,Am Timan,11.0297,20.2827,81.12,69,97,7.34,TD,2022-07-17 14:31:47
545,Ayan,56.45,138.1667,57.52,95,100,10.27,RU,2022-07-17 14:31:47
546,Hereford,52.0568,-2.7148,88.75,42,100,3.0,GB,2022-07-17 14:31:48
547,Illapel,-31.6308,-71.1653,56.26,37,13,1.66,CL,2022-07-17 14:31:48
548,Wukari,7.85,9.7833,82.65,63,100,3.94,NG,2022-07-17 14:31:48
549,Jizan,17.3333,42.6667,92.34,27,28,19.19,SA,2022-07-17 14:31:48
550,Cartagena,10.3997,-75.5144,83.82,84,75,4.61,CO,2022-07-17 14:27:18
551,Pansemal,21.65,74.7,80.98,82,100,10.96,IN,2022-07-17 14:31:49
552,Moba,33.2288,105.0179,63.19,64,99,5.68,CN,2022-07-17 14:31:49
553,Rome,34.257,-85.1647,86.49,70,0,5.75,US,2022-07-17 14:30:06
554,Bandrele,-12.9067,45.1914,78.55,73,40,10.36,YT,2022-07-17 14:32:50
555,Lamesa,32.7376,-101.951,84.52,33,67,10.18,US,2022-07-17 14:32:50
556,Auki,-8.7676,160.7034,76.71,86,28,3.65,SB,2022-07-17 14:32:50
557,Najran,17.4924,44.1277,101.05,15,78,12.41,SA,2022-07-17 14:32:51
558,Kurumkan,54.3,110.3,60.37,60,32,4.12,RU,2022-07-17 14:32:51
559,Grindavik,63.8424,-22.4338,53.55,82,75,9.22,IS,2022-07-17 14:32:51
560,Fortuna,40.5982,-124.1573,57.34,90,55,1.01,US,2022-07-17 14:32:52
561,Chara,56.9064,118.2631,61.03,93,97,0.56,RU,2022-07-17 14:32:52
562,Karpathos,35.507,27.2132,82.36,57,0,31.07,GR,2022-07-17 14:32:52
563,Chapada Dos Guimaraes,-15.4606,-55.7497,62.26,41,5,4.23,BR,2022-07-17 14:32:53
564,Sibolga,1.7427,98.7792,77.34,85,9,3.33,ID,2022-07-17 14:32:53
565,Neiafu,-18.65,-173.9833,75.88,83,40,5.75,TO,2022-07-17 14:32:53
566,San Pedro,14.35,121.0167,78.03,92,75,2.3,PH,2022-07-17 14:32:54
567,Evensk,61.95,159.2333,50.25,98,100,2.33,RU,2022-07-17 14:32:54
568,Santa Maria,-29.6842,-53.8069,51.1,71,100,9.22,BR,2022-07-17 14:31:52
569,Carutapera,-1.195,-46.02,86.97,60,29,6.8,BR,2022-07-17 14:32:54
570,Guapo,-16.8306,-49.5319,82.78,22,4,7.02,BR,2022-07-17 14:32:55
571,Nemuro,43.3236,145.575,62.91,99,100,16.6,JP,2022-07-17 14:32:55
572,Yaviza,8.1537,-77.6931,85.59,70,82,0.78,PA,2022-07-17 14:32:55
573,Kapit,2.0167,112.9333,75.43,90,100,1.5,MY,2022-07-17 14:32:55
574,Glens Falls,43.3095,-73.644,83.98,70,0,3.44,US,2022-07-17 14:28:22
575,Conceicao Do Araguaia,-8.2578,-49.2647,95.88,21,2,8.81,BR,2022-07-17 14:32:56
576,Gobabis,-22.45,18.9667,68.29,21,0,12.59,NA,2022-07-17 14:32:56
577,Bilma,18.6853,12.9164,100.99,22,65,3.04,NE,2022-07-17 14:32:56
578,Torzhok,57.0436,34.9622,64.78,63,86,1.05,RU,2022-07-17 14:32:56
579,Tuatapere,-46.1333,167.6833,55.62,62,59,14.41,NZ,2022-07-17 14:32:57
580,Arman,59.7,150.1667,57.02,95,11,3.65,RU,2022-07-17 14:32:57
581,Nunoa,-14.48,-70.6411,50.54,34,58,1.32,PE,2022-07-17 14:32:57
582,Dolinsk,47.35,142.8,55.74,99,100,12.26,RU,2022-07-17 14:32:58
583,Luanda,-8.8368,13.2343,74.17,72,100,16.06,AO,2022-07-17 14:28:31
584,Katherine,-14.4667,132.2667,70.12,56,40,8.05,AU,2022-07-17 14:32:58
585,Aasiaat,68.7098,-52.8699,38.44,87,46,7.92,GL,2022-07-17 14:32:58
586,Nantucket,41.2835,-70.0995,80.71,83,40,8.05,US,2022-07-17 14:32:59
587,Metu,8.3,35.5833,62.49,95,100,1.36,ET,2022-07-17 14:32:59
588,Waingapu,-9.6567,120.2641,73.49,88,64,4.97,ID,2022-07-17 14:32:59
589,Pechenga,69.5259,31.1703,60.33,73,97,6.98,RU,2022-07-17 14:32:59
590,Oussouye,12.485,-16.5469,91.58,58,49,11.95,SN,2022-07-17 14:33:00
591,Candido De Abreu,-24.5669,-51.3333,69.87,52,100,0.94,BR,2022-07-17 14:33:00
592,Siswa Bazar,27.15,83.7667,95.58,45,89,12.41,IN,2022-07-17 14:33:00
593,Wang Saphung,17.301,101.7685,83.7,92,42,4.29,TH,2022-07-17 14:33:01
594,Alice Springs,-23.7,133.8833,42.35,31,0,5.75,AU,2022-07-17 14:33:01
595,Mishkino,55.3389,63.9175,69.13,90,74,6.98,RU,2022-07-17 14:33:01
596,Arrecife,28.963,-13.5477,80.58,57,20,20.71,ES,2022-07-17 14:33:02
597,Banjarmasin,-3.3244,114.591,75.34,97,100,3.56,ID,2022-07-17 14:33:02
598,North Myrtle Beach,33.816,-78.68,87.13,80,0,5.75,US,2022-07-17 14:33:03
599,Maragogi,-9.0122,-35.2225,78.98,72,9,14.83,BR,2022-07-17 14:24:04
600,Shangrao,28.4532,117.9686,79.54,92,100,2.98,CN,2022-07-17 14:34:03
601,Kargasok,59.0556,80.8572,57.2,84,68,5.95,RU,2022-07-17 14:34:04
602,Santa Maria Del Oro,25.9333,-105.3667,73.89,50,33,1.12,MX,2022-07-17 14:34:04
603,Bilibino,68.0546,166.4372,27.72,84,18,14.94,RU,2022-07-17 14:34:04
604,Port Hedland,-20.3167,118.5667,59.05,67,0,6.91,AU,2022-07-17 14:34:05
605,Bago,17.3367,96.4797,79.32,89,74,6.46,MM,2022-07-17 14:34:05
606,Pinar Del Rio,22.4175,-83.6981,85.68,63,93,7.76,CU,2022-07-17 14:34:05
607,Atar,20.5169,-13.0499,116.06,6,2,18.68,MR,2022-07-17 14:34:06
608,Hambantota,6.1241,81.1185,84.54,84,20,5.75,LK,2022-07-17 14:34:06
609,Fairlie,55.756,-4.8556,80.4,72,100,10.13,GB,2022-07-17 14:34:06
610,Tafresh,34.692,50.013,84.04,7,0,13.49,IR,2022-07-17 14:34:06
611,Ewo,-0.8725,14.8206,91.44,35,90,3.24,CG,2022-07-17 14:34:07
612,Vieques,18.425,-65.8329,88.66,66,40,21.85,PR,2022-07-17 14:34:07
613,Namie,37.4833,141.0,75.72,95,34,4.7,JP,2022-07-17 14:34:07
614,Jilib,0.4883,42.7854,78.26,66,14,12.86,SO,2022-07-17 14:34:08
615,Nieuw Amsterdam,5.8833,-55.0833,86.02,77,75,5.75,SR,2022-07-17 14:34:08
616,Varhaug,58.6147,5.6457,58.86,95,100,6.15,NO,2022-07-17 14:34:08
617,Beringovskiy,63.05,179.3167,56.61,81,100,19.33,RU,2022-07-17 14:34:09
618,Hohhot,40.8106,111.6522,73.69,28,0,6.71,CN,2022-07-17 14:34:09
619,Comodoro Rivadavia,-45.8667,-67.5,42.66,61,0,20.71,AR,2022-07-17 14:30:13
620,Sturgis,41.7992,-85.4192,73.42,88,100,4.61,US,2022-07-17 14:30:22
621,Graaff-Reinet,-32.2522,24.5308,74.91,25,2,19.75,ZA,2022-07-17 14:34:09
622,Bogatyye Saby,56.0102,50.4483,75.78,69,34,2.28,RU,2022-07-17 14:34:10
623,Lindenwold,39.8243,-74.9977,81.86,77,53,3.94,US,2022-07-17 14:34:10
624,Bocanda,7.0626,-4.4995,81.05,81,94,7.05,CI,2022-07-17 14:34:10
625,Ixtapa,20.7,-105.2,78.22,100,100,3.44,MX,2022-07-17 14:34:11
626,Necochea,-38.5473,-58.7368,50.29,42,4,20.8,AR,2022-07-17 14:31:09
627,Playa Del Carmen,20.6274,-87.0799,84.88,79,40,0.0,MX,2022-07-17 14:31:01
628,Chemal,51.4111,86.005,63.81,94,100,1.57,RU,2022-07-17 14:34:11
629,Norsup,-16.0667,167.3833,78.67,81,82,18.16,VU,2022-07-17 14:34:11
630,Gualaquiza,-3.4,-78.55,72.55,68,84,1.97,EC,2022-07-17 14:34:12
631,Arroio Grande,-32.2375,-53.0869,51.39,68,2,14.34,BR,2022-07-17 14:30:03
632,Yelizovo,53.1873,158.3805,55.54,100,0,4.47,RU,2022-07-17 14:34:12
633,Ngunguru,-35.6167,174.5,50.9,74,73,5.03,NZ,2022-07-17 14:34:12
634,Columbia,34.0007,-81.0348,88.48,70,0,3.44,US,2022-07-17 14:34:13
635,Gumia,23.7833,85.8167,83.55,75,20,10.47,IN,2022-07-17 14:34:13
636,Porto Novo,6.4965,2.6036,83.88,61,56,11.25,BJ,2022-07-17 14:29:38
637,Divnomorskoye,44.5011,38.1353,76.15,74,87,5.59,RU,2022-07-17 14:34:13
638,Nueva Loja,0.0847,-76.8828,69.82,100,100,5.75,EC,2022-07-17 14:34:13
639,Aquiraz,-3.9014,-38.3911,87.46,68,81,14.43,BR,2022-07-17 14:33:31
640,Melo,-32.3667,-54.1833,48.78,72,6,13.27,UY,2022-07-17 14:30:58
641,Kloulklubed,7.0419,134.2556,73.9,71,100,4.18,PW,2022-07-17 14:34:14
642,Vilyuysk,63.7553,121.6247,62.56,98,87,3.96,RU,2022-07-17 14:34:14
643,Alappuzha,9.49,76.3264,78.01,84,100,7.4,IN,2022-07-17 14:34:14
644,Bahir Dar,11.5936,37.3908,66.22,79,100,5.86,ET,2022-07-17 14:34:15
645,Kemijarvi,66.7131,27.4306,64.2,57,98,1.88,FI,2022-07-17 14:34:15
646,Mabaruma,8.2,-59.7833,86.49,64,18,3.78,GY,2022-07-17 14:34:15
647,Khash,28.2211,61.2158,91.98,8,1,13.29,IR,2022-07-17 14:35:15
648,Severnyy-Kospashskiy,59.0925,57.8008,73.6,42,66,3.83,RU,2022-07-17 14:35:16
649,San Luis Potosi,22.5,-100.5,67.51,60,80,1.48,MX,2022-07-17 14:31:00
650,Matay,28.419,30.7792,99.64,15,0,14.9,EG,2022-07-17 14:35:16
651,Venado Tuerto,-33.7456,-61.9688,48.76,38,1,16.46,AR,2022-07-17 14:35:16
652,General Pico,-35.6566,-63.7568,54.25,33,7,18.57,AR,2022-07-17 14:35:16
653,Pryshyb,47.2603,35.3228,77.18,43,72,10.63,UA,2022-07-17 14:35:17
654,Turayf,31.6725,38.6637,102.45,16,0,6.91,SA,2022-07-17 14:35:17
655,La Roda,39.2167,-2.15,98.33,11,0,15.57,ES,2022-07-17 14:25:25
656,Eyl,7.9803,49.8164,87.1,48,80,29.24,SO,2022-07-17 14:35:17
657,Rajula,21.05,71.4333,81.5,83,89,14.0,IN,2022-07-17 14:35:18
658,Maniitsoq,65.4167,-52.9,42.69,90,100,14.32,GL,2022-07-17 14:35:18
659,Nagaur,27.2,73.7333,92.14,54,95,3.2,IN,2022-07-17 14:35:18
660,Nauta,-4.5061,-73.5757,85.23,66,92,2.15,PE,2022-07-17 14:35:19
661,Dukat,62.55,155.55,53.89,87,100,7.05,RU,2022-07-17 14:35:19
662,Seoul,37.5683,126.9778,76.57,81,0,5.75,KR,2022-07-17 14:34:33
663,Whitefish,48.4111,-114.3376,70.77,71,0,0.0,US,2022-07-17 14:32:41
664,Nuevo Progreso,23.1667,-97.95,84.47,75,6,1.01,MX,2022-07-17 14:35:19
665,Saint Anthony,45.0205,-93.218,80.96,75,0,3.44,US,2022-07-17 14:32:21
666,Pristol,44.2247,22.7092,86.58,10,0,19.75,RO,2022-07-17 14:35:20
667,Half Moon Bay,37.4636,-122.4286,63.1,90,100,11.5,US,2022-07-17 14:25:22
668,Ukiah,39.1502,-123.2078,77.05,79,0,0.0,US,2022-07-17 14:34:30
669,Ocean City,39.2776,-74.5746,84.02,73,90,4.0,US,2022-07-17 14:34:25
670,Koutsouras,35.0339,25.9469,90.1,28,0,14.92,GR,2022-07-17 14:35:20
671,Ullapool,57.8987,-5.1604,67.35,73,100,7.29,GB,2022-07-17 14:35:21
672,Penzance,50.1186,-5.5371,79.48,62,100,11.77,GB,2022-07-17 14:33:43
673,Mvuma,-19.2792,30.5283,58.39,52,47,10.07,ZW,2022-07-17 14:35:21
674,Sidi Ali,36.0998,0.4206,83.35,57,0,10.04,DZ,2022-07-17 14:35:21
675,Monkey Bay,-14.0728,34.9201,74.16,53,26,12.71,MW,2022-07-17 14:35:22
676,Frontera,26.9333,-101.45,81.32,50,0,3.0,MX,2022-07-17 14:35:22
677,Surt,31.2089,16.5887,82.27,55,0,13.76,LY,2022-07-17 14:35:22
678,Urengoy,65.9667,78.3667,65.59,51,100,9.37,RU,2022-07-17 14:35:23
679,Heihe,50.2441,127.4902,68.58,94,86,3.49,CN,2022-07-17 14:35:23
680,Mukono,0.3533,32.7553,74.95,56,70,7.45,UG,2022-07-17 14:35:23
681,Itaocara,-21.6692,-42.0761,85.24,38,62,3.71,BR,2022-07-17 14:35:24
682,Tazmalt,36.3868,4.3989,103.8,17,2,6.76,DZ,2022-07-17 14:35:24
683,Verkhnedneprovskiy,54.9813,33.3457,66.92,58,57,3.06,RU,2022-07-17 14:35:24
